,False,,,,0
Shoe Republic LA Stiletto Pumps Party High Heels Pointed Close Toe Dress Shoes,False,,Brand New,3199,0
JENN ARDOR Women Classic Stiletto High Heels Pumps Pointed Toe Dress Party Shoes,True,,Brand New,2699,0
DREAM PAIRS Women's Ankle Strap Chunky High Heel Sandals Open Toe Sandals Shoes,False,31,Brand New,2849,0
Women's Round Toe Mary Jane Ladies High Heels Ankle Strap Shoes Work Dress Pumps,False,6,New (Other),2759,0
Steve Madden Stecy open toe nude strappy high heels size 8.5,False,,Pre-Owned,2499,1465
DailyShoes Women's Short Chunky Round High Heels Pump Office Dress Party Shoes,False,,Brand New,2699,0
Madden Girl High Heels Size 8 Black Strappy/Studded/Open-Toe,False,,Pre-Owned,440,1200
Women's Ladies Thigh High Boots Over The Knee Block Mid Heel Boots,False,,Brand New,2099,0
Clarks Artisan Womens Shoes Size 8M Pumps Black High Heels Slip-On Comfort,False,,Pre-Owned,1680,1185
New Women's Sneakers High Top Faux Zipper Lace Up Wedge Heel Ankle Bootie Shoe,False,37,Brand New,2599,599
Women's Closed Pointed Toe Pumps Stiletto High Heels Office Lady High Heel Shoes,True,,Brand New,2299,0
GUESS  High Heels Leather Pumps,False,,Pre-Owned,4900,1490
DREAM PAIRS Women's Thigh High Chunky Heel Platform Over The Knee Boots,False,,Brand New,3699,0
Womens Bandage Snakeskin Stilettos Sandals Open Toe Sexy High Heels Party Shoes,False,19,Brand New,2667,159
Women Platform Sandals Zipper Block High Heels Platform Open Toe Party Shoes New,False,16,New (Other),2699,190
Womens Sexy Stiletto High Heels Ankle Strap Pumps Patent Leather Platform Shoes,False,0,Brand New,3639,0
Women's Sexy Nightclub Pointy Toe Pumps Shoes Stilettos High Heels Ladies Heels,False,7,New (Other),3599,499
"Sultry 638 Red Patent 6"" High Heels Strappy Platform Sandal Shoes In House",True,,Brand New,5995,1265
Womens Clear Pvc Slippers High Heels Platform Sandals Summer Open Toe Mule Shoes,False,0,New (Other),4030,99
Onlymaker Women's Peep Toe High Heel Platform Slip On Party Sandals Yellow US9,False,,Brand New,2899,1000
Women's black vegan patent leather high heels ,False,,New (Other),1499,680
nude high heels,False,,Pre-Owned,1000,1035
Moda Chics Women's Navy Blue Open Toe Ankle Strap Ultra High Heels Size 8.5,True,,New (Other),1995,995
"Marc Fisher Black Leather High Heels , city sandals, 4 Inch Chunky Heal Size 9",False,,Brand New,4500,1595
high heels stilettos pump,False,,Brand New,1800,1595
CASTAMERE Womens Chunky Block Heels Pointed Toe Slip-on High Heel Size 10,False,,Pre-Owned,1400,650
GUESS Carrie High Heels Red Patent Leather Pumps,False,,Pre-Owned,5900,1490
Thalia Sodi High Heels,False,,Brand New,5000,930
Sexy Ladies Open Toe Stiletto Rhinestones Party Ankle Strap Sandals High Heels,False,,New (Other),3637,0
Womens Transparent Rhinestone High Heels PVC Pointed Toe Sandals Sexy Pumps Shoe,False,0,New (Other),2429,199
Thalia Sodi High Heels,False,,Brand New,5000,880
shoes women high heels size 10,False,,Pre-Owned,900,1595
Fashion Women Super High Heels Platform Pumps Ankle Strap Stiletto Sandals Shoes,False,0,Brand New,3249,0
Clarks Artisan Womens Shoes Size 8M Pumps Beige Nude High Heels Slip On Comfort,False,,Pre-Owned,1480,1185
Women's Sexy Lace Up Low Platform Heel Knee High Boots Shoes Size 6 - 11 NEW,False,,New (Other),3999,0
Vince Camuto Kendall 9.5 M Dazzle Blue Open Peep Toe Stiletto High Heels Shoes,False,,Pre-Owned,2999,1595
Women's Buckle Peep Toe Platform Slim High Heel Crisscross Straps Stilettos US5,False,,Brand New,2999,1000
Inspire Women's Suede Open Toe Sexy Ankle Strap Fashion High Heels Four Colors,False,,Brand New,2450,0
Womens High Heels Shiny Patent Leather Pointy Toe Pumps Wedding Shoes Party Plus,False,,New (Other),2759,0
Caparro Gold High Heels,False,,Pre-Owned,4270,1185
Women's ALBA Strappy Ultra High Wedge Heel Black & White Snakeskin Print 9 Funky,True,,Pre-Owned,2600,0
high heels platform stiletto,False,,Brand New,1250,1595
NEW Women's Color Ankle Strap Chunky Low High Heel Dress Sandal Shoes Size 5 -11,False,,New (Other),2899,0
Jessica Simpson Black Patent Leather Slip On High Heels Women's Sz. 9 M US,False,,Brand New,4500,1595
Womens Platform High Heels Wedge Slippers Peep Toe Mules Shoes Sandals Clubwear,False,,New (Other),3783,0
Womens nude platform pumps high heels shoes,False,,New (Other),3900,1595
"Laura Brandon High Heels size 8, Black/Brown, Buckle",False,,Pre-Owned,499,1250
Espadrille Printed Open Peep Toe shoes Stiletto High Heels Platform Pump H149,True,,Brand New,3599,0
Womens High Heel Pumps Sexy Peep Toe Stilettos Platform Party Dress Pump Shoes,False,0,Brand New,2659,0
Womens Platform Shoes Stiletto High Heels Fur Ankle Boots Sexy Ladies Slip-on US,False,,New (Other),9999,0
New soft leather rhinestone red sandals women sexy high heels women's stilettos,False,,Brand New,8337,0
Paris Hilton  6.5 Blue Platform High Heels Stiletto Women's Satin Bow Peep Toe,False,,Pre-Owned,1420,1595
"Excellent Ellie Brand Gold High Heels Shoes Pumps Size 6, 5"" Heels",False,,Pre-Owned,1000,1235
Stiletto High Heels Pointed Pumps US Size 10 Ladies Party Shoes Fabric Cross,True,,Pre-Owned,2811,0
candies women’s black size 6 high heels,False,,Pre-Owned,720,880
Life Stride Women’s Shoes Black high Heels Size  10 W,False,,Pre-Owned,1999,999
Giuseppe Zanotti High Heels Size 39/9 Black Ankle Strap Bow Peep Toe,False,,Pre-Owned,12500,1465
high heels,False,,Pre-Owned,3000,1595
JOE’S JEANS BLUE & WHITE MULTICOLOR LEATHER ABSTRACT HIGH HEELS SIZE 8,True,,Pre-Owned,3999,799
womens black suede stilettos high heels 7.5,False,,Pre-Owned,1500,1595
Women's High Heel Peep Toe Buckle Platform Stiletto Ankle Criss Cross Straps US8,False,,Brand New,2999,1000
Manolo Blahnik brown white spectator High Heels pumps Size 39 womens 9 US ,False,,Pre-Owned,18998,1299
Elegant Collection Platform Mirrored High Heel Shoes Sz 10 M Black New Year's ,True,,Pre-Owned,2997,0
DREAM PAIRS Women Stilettos High Heel Sandals Ankle Strap Wedding Party Shoes,False,0,Brand New,2754,0
,False,,,,0
Miu Miu Black Grommet Cut Out High Heels Stilettos Size 38 8 leather sexy $850,False,,Pre-Owned,4999,1280
Candies High Heels Women's Sz 7 Medium Black  Worn Once!,False,,Pre-Owned,99,898
Stuart Weitzman Brown Patent Leather High Heels Size 7 M,False,,Pre-Owned,1300,1595
Bamboo Women's High Heel Shoes Size 8,True,,Pre-Owned,2299,649
shoes women high heels red,False,,Pre-Owned,1700,1595
"Size 15 - Brown Patent Leather Platform 6.5"" Open Toe High Heels ",False,,Pre-Owned,1999,1200
Women's Lace Up Block Rivet Stud High Heels- EU: 40/ US: 7,False,0,Pre-Owned,999,999
american eagle girl high heels size 1,False,,Pre-Owned,1000,1595
"Steve Madden Tan Leather Ultra High 4.25"" Platform heels Shoe Open toe sz 8",False,,Pre-Owned,3000,1595
Rockport Leather Alligator Pumps Classics High Heels Women's Size 6.5M,False,,Pre-Owned,1399,899
Karen Scott Women's Slingback High Heels Size 10,False,,Pre-Owned,1750,1465
Banana Republic Size 7.5 shoes women high heels,False,,Pre-Owned,2000,1595
Nine West Size 8 shoes women high heels,False,,Pre-Owned,2000,1595
Womens Fashion Over The Knee Boots Faux Suede Thigh High Boots Size 5-11,False,,Brand New,3559,0
Steve Madden Women's Classic Black Clay High Heel Open Toe Strappy Sandal,True,,Brand New,6229,0
Women High Heels Square Toe Sandals Chain Ankle Strap Stiletto Shoes Zip Party,False,,New (Other),1999,990
"LIFESTRIDE Women's Parigi Micron Classic 2.5 Inch High Heels, Black Worn Once!!!",True,,Pre-Owned,999,775
DREAM PAIRS Womens Ladie Thigh High Pointed Toe Sexy Party Over The Knee Boots,False,,Brand New,3689,0
Clarks Artisan Brown Leather High Heels Womens 8.5 M Pumps Block Heel,True,,Pre-Owned,2714,0
Cherish Wedged High Heels,False,,Pre-Owned,620,1035
Women’s Peach high heels size 8,False,,New (Other),1200,1465
womens sexy high heels size 7.5,False,,Brand New,3500,1185
womens sexy high heels size 7.5,False,,Brand New,3500,1185
mossimo high heels,False,,Pre-Owned,540,1270
Anne Klein Bronze Size 6 1/2 High Heel Peep Toe Pumps Women’s Shoes￼,False,,Pre-Owned,999,1595
pink high heels women’s size 10 multi color strappy heel ,False,,Brand New,2222,1595
Just Fabulous blue high heels,False,,Pre-Owned,199,1465
black high heels size 6 1/2,False,,Pre-Owned,1475,2115
Women High Heel Sandals Ankle Strap Open Toe Platform Pump Dress Shoes Size US,False,0,Brand New,2944,0
Women High Heels Pumps Stiletto Peep Toe Sandals Nightclub Ankle Strap Shoes 42,False,,New (Other),5098,0
ALDO Beige/Cream Studded  Pointy Toe High Heels Women’s Size US 6.5 Pre-Owned,False,,Pre-Owned,1000,1065
Jessica Simpson Shoes Womens 7 (37) Gold Champagne Pointed High Heels Stiletto,False,,Pre-Owned,3500,1595
ALDO Size 7 Beige nude patent leather platform high heels closed toe pumps,False,,Pre-Owned,1000,1595
Breckelle's Roma suede high heels size 8,False,,Brand New,1200,880
Women's Black Style & Co. High Heels. Size 9. Peep Toe,False,,Pre-Owned,900,1595
Guess 6.5 Black Platform Stiletto Pumps Round Toe Patent Leather High Heels Used,False,,Pre-Owned,1599,930
shutz high heels,False,,New (Other),8000,1500
Fendi platform heels size 7 Never Worn With Box Very High,False,,Brand New,14999,1495
Women Patent Leather High Heels Pumps Pointed Toe Stiletto Party Nightclub Shoes,False,,New (Other),2969,0
Bahia T-Strap High Heel Dress Pump - Womens Strappy d'Orsay Work Shoes,False,0,Brand New,2999,0
Maurices Women’s High Heel Shoes - Size 6,False,,Pre-Owned,1000,1035
Women's Sexy Pointy Toe Bridal Stiletto High Heel Pumps Shoes All Size 5.5 - 11,True,0,New (Other),1954,999
Atmosphere Denim Floral Embroidered Blue High Heels US Size 9/9.5,False,,Pre-Owned,435,1185
Women’s Size 7 Mudd Strap High Heel,False,,Pre-Owned,2000,1595
kate spade Green High Heels Size 7,False,,Pre-Owned,1150,910
IDIFU WOMENRS IN5 SABRINA ANKLE STRAP PLATFORM HIGH CHUNKY HEELS SILVER GLITTER,True,,Pre-Owned,2999,0
2 Pairs Of Women's Shoes High Heel Suede Leather Multicolor 8.5M,False,,Pre-Owned,2999,0
womens high heels,False,,Pre-Owned,2000,1595
Women’s Cole Haan Black Leather High Heel Pump Comfort Size 7 EUC,False,,Pre-Owned,3499,1000
Women's Antonio Melani Gold Suede Strap High Heels Size 8M,False,,Pre-Owned,999,1200
G By Guess Women’s Sneak Skin Print Sexy High Heels Size 7.5,False,,Pre-Owned,1999,899
woman shoes high heels platform 6,False,,Pre-Owned,3500,1595
New Zara Blush Pink Sandal High Heels Sandals Size 37,False,,New (Other),1999,870
NEW Women's Slip On Pointy Round Toe Stiletto High Heel Dress Pump Size 5.5 - 11,False,,New (Other),3199,0
WOMEN’S NEWPORT NEWS HIGH HEEL RED SHOES SIZE 6.5M BRAND NEW,False,,New (Other),1985,1015
FSJ Brown Classic Pointed Toe High Heels Sexy Stiletto Pumps,False,,Brand New,3800,0
COACH beautiful high heels Shoes Ladies size 7 1/2 B (super nice),False,,Pre-Owned,2000,1200
Betsey Johnson Gold Metal Pumps High Heels Size 7.5 NEW,False,,Brand New,1699,1099
Womens Clear Flip Flops Thong Slippers Wedge High Heels Platform Sandal Clubwear,False,0,New (Other),2999,499
Womens Stiletto High Heels Platform Peep Toe Sandals Ankle Boots Pumps Zip Shoes,False,,New (Other),3239,499
,False,,,,0
DREAM PAIRS Womens Thigh-High Ankle Zip Pull-on Over The Knee Low Heel Boots US,False,,Brand New,1600,0
Daniblack Women's Suede Booties Pumps High Heels Size 9.5 Gray Super cute!!~,True,,Pre-Owned,1599,0
Boston Design Studios Women's High Heel Shoes Size 8,True,,Pre-Owned,2299,849
Anne Klein AK Sport High Heels Textile Upper Material Black Red Shoes Size 8 M ,False,,Pre-Owned,1990,1595
Juicy Couture Black Multi Color Rhinestone Platform High Heels- WO'S 38/US 7.5,False,,Pre-Owned,2999,1200
Worn Once - Women's high heels cheetah/leopard size 9- A new Day Target Brand,False,,Pre-Owned,1250,500
Ed Hardy Sz 9 Yellow Cork Wedge Platform High Heels Shoes Flowers Hibiscus ,True,,Pre-Owned,2500,1164
pleasure high heels size red 14 with shoe protectors brand new ,False,,Brand New,9000,1595
Fashion Nova Tisha black high heels size 8,False,,Brand New,2000,880
Orange Suede High Heel Shoes,False,,Pre-Owned,3000,1595
"Sultry 638 Black Patent 6"" High Heels Strappy Platform Sandal Shoes NY",True,0,Brand New,5995,1265
Size 7.5M Anne Klein Women High Heels Stiletto Shoes Pointed Toe Blue Color,False,,Pre-Owned,1999,880
Women Peep Toe High Heel Sandals Buckle Wedding Party Dress Shoes Size 5-11,False,0,Brand New,2431,0
Women's BLACK High Heel Shoes Closed Pointed Toe Pumps Stiletto Office Ladies US,True,,Brand New,2399,0
DREAM PAIRS Women's Pump Shoes Stilettos High Heel Pointed Toe Pump Dress Shoes ,False,,Brand New,3134,0
Bersheka high heels shoes size 39 EU,False,,Pre-Owned,1399,1595
Red and pink high heels stilettos with straps and back zipper,False,,Pre-Owned,4599,880
Franco Sarto Leopard Print Square Toe Leather High Heels Womens Size 8 M,True,,Pre-Owned,3999,949
INC International Concepts Rufuss High Heels Women's Shoe Size 6 M Silver,True,,Pre-Owned,2879,949
Miss Bison High Heels Striped Open Toe Women's Shoes Size 7.5 M,True,,Pre-Owned,1599,949
New Women Studded Open Toe Ankle Strap Gladiator Cage Sandals Platform High Heel,False,,Brand New,2599,999
Van Eli Open Toe High Heels Women's Brown Shoes 8 N,True,,Pre-Owned,1599,949
Michaelangelo Leighton Lace High Heels Pump Women's Shoes Size 6.5 M,True,,Pre-Owned,1599,949
Qupid High Heels Peep Toe Platform Women's Shoes Size 9,True,,Pre-Owned,1199,1000
Michelle D Wedge Black Peep Toe High Heels Women's Shoes Size 6.5 M,True,,Pre-Owned,1599,949
Tuk Gray Cat Kitty Kitten High Heels Pumps Womens Size 9,False,,Pre-Owned,3500,1595
Ladies Coach Trinitie Flower Pumps 8.5 B Black Suede Patent High Heels Shoes,False,,Pre-Owned,3999,1344
Michael Antonio Floral Peep Toe Women's High Heels Shoes Size 7,True,,Pre-Owned,1599,1099
FRANCO SARTO Balada Black Leather High Heels Women's Size 8 M,True,,Pre-Owned,2399,1099
Arturo Chiang Black Patent High Heels Shoes Women's Size 7 M,True,,Pre-Owned,2399,949
"6"" Clear Black Platform Stiletto High Heels Stripper Shoes Womans size 8 9 10 11",False,,Brand New,4695,0
BRASH High Heels Pumps GLITTER Women's Shoes Size 7.5,True,,Pre-Owned,1199,1099
Atrevida Open Toe Wedge High Heels Brown Shoes Womans Size 10,True,,Pre-Owned,1999,1099
FIONI Pump High Heels Patent Black Women's Shoe Size 7.5,True,,Pre-Owned,1439,949
Ladies Boccaccini Ribbon Lace Pumps 38.5 / 8 Black Suede High Heels Shoes Italy,False,,Pre-Owned,3499,1344
Victor Alfaro Sunday Black Patent Peep Toe High Heels Women's Shoes Size 8 M,True,,Pre-Owned,1599,949
Midnight Velvet Cobalt Blue Dress High Collar Cutout Pumps Heels Shoes 6 6.5 12,False,0,New (Other),1199,1205
Mojo Moxy Colorful Pump High Heels Women's Shoes Size 6 M,True,,Pre-Owned,1279,949
Blossom Collection High Heels Shoes Women's Size 7.5 Cheetah Print,True,,Pre-Owned,1599,949
BCBGirls Black Leather Open Toe High Heels Women's Shoes Size 9.5B,True,,Pre-Owned,1599,949
Onlymaker Women's Ankle Strap High Heel Open Toe Rhinestones Decor Stilettos US9,False,,Brand New,2999,1200
ALEX MARIE Beige High Heels Strap Women's Shoes Size 8.5 M,True,,Pre-Owned,1439,949
BCBGeneration Patent Nude Platform Stiletto High Heels - Women's Size 9B,False,,Pre-Owned,1797,1200
Aldo Black suede with gold accents high heels pumps 7.5 Slightly used. ,False,,Pre-Owned,2688,1595
Women’s Metaphor Silver High Heels Size 7.5 ,False,,Pre-Owned,1499,1595
"PLEASER Sexy Cream Platform 6"" High Heels Stilettos Stripper Dancer Shoes",False,0,Brand New,4595,0
Womens Qupid Black Velvet Open Toe High Heels Size 9,False,,New (Other),2999,1595
Onlymaker Women's Platform High Heel Pumps Slip On Round Toe Sexy Stilettos US8,False,,Brand New,2999,1200
Sesto Meucci Silver High Heels Women's Shoes Size 8 N,True,,Pre-Owned,1279,949
Moda Spana Black Pointed Toes High Heels Women's Shoes Size 7.5 M,True,,Pre-Owned,1599,949
Anne Klein Open Toe Black High Heels Women's Shoes Size 9.5 M,True,,Pre-Owned,1599,1099
Stuart Weitzman #3356 Eggshell White Faux Lace Up High Heels Womens Size 8.5 AAA,True,,Pre-Owned,7999,0
Fioni High Heels Brown Open Toes Women's Shoes Size 8,True,,Pre-Owned,1439,1099
Ladies Delman Low Platform Round Toe Pumps 7.5 M Black Patent High Heels Shoes,False,,Pre-Owned,3999,1344
Bandolino Rainaa Gold Sparkle Open Toe High Heels Women's Size 9.5M,True,,Pre-Owned,1599,949
Naturalizer Lightner Black High Heels Women's Shoes Size 9.5 M 90176-9,True,,Pre-Owned,1199,949
Onlymaker Women's Wrapped Ankle Strap Stiletto Pointed Toe High Heel Sandals US7,False,,Brand New,2999,1200
Fergalicious by Fergie Ruby High Heels Open Toe Women's Shoes Size 8 M,True,,Pre-Owned,1279,949
Onlymaker Women's Fashion Chunky High Heel Slip On Closed Toe Sexy Pumps US10,False,,Brand New,2999,1200
Women's Clear Chunky High Heel Open Toe Faux Feather Decoration Sandals US 7,False,,Brand New,2599,1200
Black Suede Womens Guess Side Buckle Stiletto Round Toe High Heels Shoes Size 8M,True,,Pre-Owned,1695,2115
Wild Rose Wedge High Heels Black Shoes Women's Size 8.5 PEP01A,True,,Pre-Owned,1599,949
MONZO & FRANCO Thea High Heels Pastel Colors Women's Shoes 10 M,True,,Pre-Owned,1655,949
,False,,,,0
Fioni Night Gold Glitter High Heels Women's Size 7,True,,Pre-Owned,1599,949
Fergalicious by Fergie Utopia Glitter High Heels Women's Shoes Size 8.5 M,True,,Pre-Owned,1599,949
Franco Sarto L-Jury Reptile Print Slip On High Heels Woman's Size 8.5 M,True,,Pre-Owned,1599,949
Jessica Simpson Brown Black Scales Women's High Heel Shoes Size 10 B,True,,Pre-Owned,1599,949
LifeStride Women's Giovanna 2 Black Suede High Heels - Size 8.5 NWB,True,,Brand New,2999,1200
Starlet by Star Jones Black Jeweled Strap Women's High Heel Shoes Size 8.5,True,,Pre-Owned,1599,949
PATRON by PERUGIA Women's Sz 8 Black Blue Synthetic Zip High Heels SUSANA NWOB,False,,New (Other),2499,930
Chinese Laundry Purple Tippy Top Snakeskin High Pumps Platform Heels Size 8,False,,Pre-Owned,3000,930
Womens Marni Buckle Platform Pumps 39.5 / 9 Peep Toe Leather High Heels Shoes,False,,Pre-Owned,6499,1820
Women's Buckle Open Toe Transparent Straps Wedge High Heel Wedding Stilettos US9,False,,Brand New,2599,1200
Vintage Aerosoles Pump Plaza Leather High Heels Women's Shoes Size 9 B Bone,True,,Pre-Owned,1119,1299
Women's Platform Ankle Strap Mary Jane Chunky High Block Heel Buckle Pumps US9.5,False,,Brand New,2999,1200
Onlymaker Women's Sexy High Heels Platform Slip On Stilettos Office Ladies Pumps,False,,Brand New,5999,0
INC International Concepts Brown Snake Skin Women's High Heel Shoes Size 6.5 M,True,,Pre-Owned,1599,1099
Sexy 16cm Womens Stiletto Patent Leather Pumps Pointed Toe Shoes High Heels 0506,False,,Brand New,5809,1999
DREAM PAIRS Women's Sexy Open Toe Ankle Strap High Heel Stilettos Dress Sandals,False,0,Brand New,2849,0
Womens Block High Heels Patent Leather Pointed Toe Slip On Ol Office Casual Shoe,False,,New (Other),4688,0
Alfani Womens Alf Black Suede Open Toe Slip On Buckle High Heels Sandals Size 7M,False,,Pre-Owned,3500,1295
Ladies Party Shoes Shiny Synthetic Leather High Heels Pointed Pumps US Size S982,False,,New (Other),4499,0
jessica Vivica womens High Heels Slip-on Summer Fashion Dress shoes size 6M ,True,,New (Other),1600,999
New Christian Siriano HABIT pointed toe high heel dress shoes pumps med or wide,False,0,New (Other),2099,1065
Alex Marie Women’s High Heels - Size 6M - Color Multicolored,False,,Pre-Owned,3250,0
Nine West High Heels Size 9.5M Tan Artliff Cut Out Zip Up Closure Tie Front,True,,Pre-Owned,1497,849
Bandolino Blue Closed Toe High Heel Pumps Fairbury Woman’s Size 9.5M,False,,Pre-Owned,2000,750
Apt. 9 Women's Caspian Black D'Orsay Stiletto High Heels Size US 9,True,,New (Other),5999,1595
Women's Ema High Block Heeled Square Toe Pumps Tan - A New Day - SIZE 7.5W,True,,New (Other),2499,0
$90 Aldo Fiolla Women’s Size 7 Gold Strappy High Heel Open Toe Sandals,False,,Pre-Owned,3499,1595
CHARLOTTE RUSSE Women's Cutout High Heels Pump with Ankle Strap Nubuck PU,False,0,Brand New,2999,0
Women Slip On Pumps High Heel Stilettos Platform Party Elegant Dress Pump Shoes,False,20,Brand New,3134,0
DREAM PAIRS Women's Sexy Peep Toe High Heel Platform Classic Dress Pump Shoes US,False,12,Brand New,2621,0
Ladies Bally Ritta Dress Cap Toe Pumps 9.5 Bronze Leather High Heels Shoes New,False,,New (Other),4999,1344
2 Pairs Of Beautiful Women's Shoes Liz Claiborn High Heels Leather And Synthetic,False,,Pre-Owned,2450,992
Casadei Sky High Platform Heels Size 39/9.5 Knotted Peep Toe READ Description,False,,Pre-Owned,8000,1465
DREAM PAIRS Women's Fashion Over The Knee Boots Thigh High Block Heel Boots,False,,Brand New,3699,0
DREAM PAIRS Womens Ladies Thigh High Over The Knee Boots Stretch High Heel Boots,False,,Brand New,3699,0
Womens Sexy Patent Leather Pointy Toe Pumps High Heels Stilettos Buckle Shoes,False,,New (Other),3149,499
Betsey Johnson Gina Women's Heels Silver,False,,Brand New,2998,499
CL BY LAUNDRY Womens Sandal High Stacked Cone Heels Brown Slingback 8.5 New,False,,New (Other),2999,1099
Women Fashion Pumps Ankle Strap Stiletto Sandals Super High Heels Platform Shoes,False,0,New (Other),3599,1599
Womens Pumps Stilettos over high Heels Leather Pointy Toe party dress Shoes size,False,,Brand New,8821,0
"Theory Espadrille Wedge 5"" High Heels Shoes Suede Black 39 worn once",False,,Pre-Owned,2599,1595
ADRIANNA PAPELL Women's T Strap Dress High Heels 11 M Black Satin Jewel Shoes ,False,,Pre-Owned,2499,1195
Nine West Black Stilettos High Heels 6.5 Leather Wendle Pointed Toe Formal Pump,False,,Pre-Owned,2999,1035
BALLY DRESS SHOES 8.5 C BLACK HIGH HEELS MADE IN SWITZERLAND,False,,Pre-Owned,1999,2435
Miu Miu 39 Leather And Wood Clogs Buckles Straps Ankle Strap Black High Heels 9,False,,Pre-Owned,9500,1270
Donald J. Pliner CHEETAH Animal Print Platform High Heels Couture Sz 9 EUC,False,,Pre-Owned,5999,2115
MICHAEL KORS Snake Print Leather T-Strap Gold Zipper High Heels Size 7M shoes,False,,Pre-Owned,1420,1465
Vince Camuto Archer High Heel Peep Toe Royal Blue Suede Sandal/Shoes Size 7.5B,False,,Pre-Owned,2497,995
Marc Fisher snake print pointy toe high heels shoes size 8.5,False,,Pre-Owned,5999,1465
Womens Jessica Simpson Maura High Heels Size 9B Pumps Black Very Nice,True,,Pre-Owned,2199,1595
Women Ankle Strap Back Zipper Peep Toe High Heel Platform Party Dress Pump Shoes,False,0,Brand New,2564,0
Womens Faux Suede PU Over The Knee Boots Sexy High Heel Thigh High Boots,False,0,Brand New,3790,0
Pleaser Very High Strappy Sexy Heels 7,True,,Pre-Owned,2999,1065
"Women's High Heel Platform Pumps, Open Toe, by Bandolino, SZ 8 Med. Shiny Black",False,,New (Other),2625,1595
Simply Vera Wang Womens Platform High Heels Size 8M Crane Purple Reptile,True,,Pre-Owned,1750,1595
MARCO SANTI Cecilia Metallic Platform Ultra High Slip On Heels WOMEN 8.5,False,,Pre-Owned,2499,1299
Joey High Heels Pump size 7 Rose silver shoes shiny ,False,,Pre-Owned,1100,1200
Ted Baker Of London High Heels,False,,Pre-Owned,2300,1395
16cm Sexy Super High Heels Crossdresser Pointed Toe Strap Club Stilettos Shoes,False,,New (Other),3245,999
Women Pumps Round Toe Patchwork Platform High Heels Studs Sandals Party Dance ,False,0,Brand New,6299,1199
Fendi Women’s Size 10 To 10.5 (EU 41) Color Block High Heel Sandals Retail $740,False,,Pre-Owned,47500,0
"IVANKA TRUMP black size 8 high chunky heel shoes 3"" heel point toe slip on pumps",True,,Pre-Owned,3200,999
Women's High Heel Stiletto Sandals Sexy Peep Toe Party Dress Pump Sandals,False,0,Brand New,2659,0
Womens Sexy Mixed Colors Pump Pointed Toe Stilettos High Heels Nightclub Shoes,False,,New (Other),4805,0
